model,R2,MAE,RMSE
Random Forest,0.407842017,14.54621308,18.72155312
Linear Regression,0.435923399,14.13585017,18.24288019
